SMILES,logP
OCC3OC(OCC2OC(OC(C#N)c1ccccc1)C(O)C(O)C2O)C(O)C(O)C3O,-1.3135851882293645
Cc1occc1C(=O)Nc2ccccc2,-3.0739435852380104
CC(C)=CCCC(C)=CC(=O),-2.634594704294809
c1ccc2c(c1)ccc3c2ccc4c5ccccc5ccc43,-7.127732965158114
c1ccsc1,-0.15928688425237728
c2ccc1scnc1c2,-1.7819327878791467
Clc1cc(Cl)c(c(Cl)c1)c2c(Cl)cccc2Cl,-7.660583239427223
CC12CCC3C(CCc4cc(O)ccc34)C2CCC1O,-4.6197456256282
ClC4=C(Cl)C5(Cl)C3C1CC(C2OC12)C3C4(Cl)C5(Cl)Cl,-6.981999863145508
COc5cc4OCC3Oc2c1CC(Oc1ccc2C(=O)C3c4cc5OC)C(C)=C,-4.817802487181808
O=C1CCCN1,0.03418851239983187
Clc1ccc2ccccc2c1,-4.640025322835365
CCCC=C,-2.3782141366660476
CCC1(C(=O)NCNC1=O)c2ccccc2,-2.5511395351504533
CCCCCCCCCCCCCC,-7.044139733949398
CC(C)Cl,-1.4859663590460044
CCC(C)CO,-0.47930368586039646
N#Cc1ccccc1,-1.5339183586281318
CCOP(=S)(OCC)Oc1cc(C)nc(n1)C(C)C,-4.108214415219483
CCCCCCCCCC(C)O,-3.841800953144383
Clc1ccc(c(Cl)c1)c2c(Cl)ccc(Cl)c2Cl,-7.499253319785865
O=c2[nH]c1CCCc1c(=O)n2C3CCCCC3,-3.4722860000284745
CCOP(=S)(OCC)SCSCC,-4.094156610872838
CCOc1ccc(NC(=O)C)cc1,-2.8028130132194
CCN(CC)c1c(cc(c(N)c1N(=O)=O)C(F)(F)F)N(=O)=O,-5.06685818240071
CCCCCCCO,-2.1492037429138287
Cn1c(=O)n(C)c2nc[nH]c2c1=O,-1.6059425047413385
CCCCC1(CC)C(=O)NC(=O)NC1=O,-2.237344143867294
ClC(Cl)=C(c1ccc(Cl)cc1)c2ccc(Cl)cc2,-7.052831461427987
CCCCCCCC(=O)OC,-2.823582144720276
CCc1ccc(CC)cc1,-3.6610736272847504
CCOP(=S)(OCC)SCSC(C)(C)C,-4.487519633065269
COC(=O)Nc1cccc(OC(=O)Nc2cccc(C)c2)c1,-3.984238539002124
ClC(=C)Cl,-1.5887332289060065
Cc1cccc2c1Cc3ccccc32,-5.927420933671399
CCCCC=O,-0.7957501973455097
N(c1ccccc1)c2ccccc2,-3.502833903561771
CN(C)C(=O)SCCCCOc1ccccc1,-2.8138576618089735
CCCOP(=S)(OCCC)SCC(=O)N1CCCCC1C,-3.836408245597524
CCCCCCCI,-5.277750590584889
c1c(Cl)cccc1c2ccccc2,-4.843204364404111
OCCCC=C,-0.3863871713560796
O=C2NC(=O)C1(CCC1)C(=O)N2,-2.0502927074703488
CC(C)C1CCC(C)CC1O,-3.0831593812835325
CC(C)OC=O,-0.4729426796186309
CCCCCC(C)O,-1.3842471394039404
CC(=O)Nc1ccc(Br)cc1,-2.817500668531065
c1ccccc1n2ncc(N)c(Br)c2(=O),-2.2620097190800714
COC(=O)C1=C(C)NC(=C(C1c2ccccc2N(=O)=O)C(=O)OC)C,-4.077390345326334
c2c(C)cc1nc(C)ccc1c2,-3.100280972417447
CCCCCCC#C,-3.874800271515525
CCC1(C(=O)NC(=O)NC1=O)C2=CCCCC2,-2.7141748229666156
c1ccc2c(c1)ccc3c4ccccc4ccc23,-6.49007807290504
CCC(C)n1c(=O)[nH]c(C)c(Br)c1=O,-2.589759591043385
Clc1cccc(c1Cl)c2c(Cl)c(Cl)cc(Cl)c2Cl,-7.9479055500058475
Cc1ccccc1O,-0.5592387785388552
CC(C)CCC(C)(C)C,-4.809095350468526
Cc1ccc(C)c2ccccc12,-4.466728296052816
Cc1cc2c3ccccc3ccc2c4ccccc14,-6.704175095765132
CCCC(=O)C,-0.27554619137987724
Clc1cc(Cl)c(Cl)c(c1Cl)c2c(Cl)c(Cl)cc(Cl)c2Cl,-8.790567433109832
CCCOC(=O)CC,-0.7952222975440297
CC34CC(O)C1(F)C(CCC2=CC(=O)C=CC12C)C3CC(O)C4(O)C(=O)CO,-3.6520045780733468
Nc1ccc(O)cc1,-0.2932126464915026
O=C(Cn1ccnc1N(=O)=O)NCc2ccccc2,-2.3596184275127507
OC4=C(C1CCC(CC1)c2ccc(Cl)cc2)C(=O)c3ccccc3C4=O,-4.582377775864834
CCNc1nc(Cl)nc(n1)N(CC)CC,-3.604951708427257
NC(=O)c1cnccn1,-0.2509161445391455
CCC(Br)(CC)C(=O)NC(N)=O,-1.811462818609191
Clc1ccccc1c2ccccc2Cl,-5.645380671881223
O=C2CN(N=Cc1ccc(o1)N(=O)=O)C(=O)N2,-2.6689081858543906
Clc2ccc(Oc1ccc(cc1)N(=O)=O)c(Cl)c2,-5.041604681957741
CC1(C)C2CCC1(C)C(=O)C2,-3.187374784770388
O=C1NC(=O)NC(=O)C1(CC=C)c1ccccc1,-3.0098260258020546
CCCCC(=O)OCC,-1.6619090494060393
CC(C)CCOC(=O)C,-1.696663891486466
O=C1N(COC(=O)CCCCC)C(=O)C(N1)(c2ccccc2)c3ccccc3,-5.035927899632545
Clc1cccc(c1)c2cc(Cl)ccc2Cl,-6.294934924369682
CCCBr,-1.563383533311011
CCCC1COC(Cn2cncn2)(O1)c3ccc(Cl)cc3Cl,-3.373220218243084
COP(=S)(OC)SCC(=O)N(C)C=O,-1.447216817519352
Cc1ncnc2nccnc12,-0.9622759396189497
NC(=S)N,0.5878516697847886
Cc1ccc(C)cc1,-2.3489834602848645
CCc1ccccc1CC,-3.468200171094792
ClC(Cl)(Cl)C(Cl)(Cl)Cl,-3.5575087380705264
CC(C)C(C(=O)OC(C#N)c1cccc(Oc2ccccc2)c1)c3ccc(OC(F)F)cc3,-6.361856143317441
CCCN(=O)=O,-0.8274013620349457
CC(C)C1CCC(C)CC1=O,-2.6646021642693456
CCN2c1cc(Cl)ccc1NC(=O)c3cccnc23,-4.0844926966731
O=N(=O)c1c(Cl)c(Cl)ccc1,-3.631928255168625
CCCC(C)C1(CC=C)C(=O)NC(=S)NC1=O,-3.5550158499306974
c1ccc2c(c1)c3cccc4cccc2c34,-7.838252141188734
CCCOC(C)C,-1.1243200791525747
Cc1cc(C)c2ccccc2c1,-4.650296131460632
CCC(=C(CC)c1ccc(O)cc1)c2ccc(O)cc2,-4.055249979033506
c1(C#N)c(Cl)c(C#N)c(Cl)c(Cl)c(Cl)1,-6.118116475892686
Clc1ccc(Cl)c(c1)c2ccc(Cl)c(Cl)c2,-6.761569402294801
C1OC1c2ccccc2,-2.4309250204421406
CC(C)c1ccccc1,-3.006302682871115
CC12CCC3C(CCC4=CC(=O)CCC34C)C2CCC1C(=O)CO,-4.178876553893412
c2(Cl)c(Cl)c(Cl)c1nccnc1c2(Cl),-4.280444219870011
C1OC(O)C(O)C(O)C1O,0.5690986409138952
ClCCl,-0.6696934847724119
CCc1cccc2ccccc12,-4.551611990202399
COC=O,0.8250233423872647
Oc1ccccc1N(=O)=O,-1.5505811150913775
Cc1c[nH]c(=O)[nH]c1=O,-1.0744162482284179
CC(C)C,-2.2912797327827006
OCC1OC(C(O)C1O)n2cnc3c(O)ncnc23,-1.4597073695432141
Oc1c(I)cc(C#N)cc1I,-3.339291394663648
Oc1ccc(Cl)cc1C(=O)Nc2ccc(cc2Cl)N(=O)=O,-4.092360646563669
CCCCC,-3.030918483286901
c1ccccc1O,-0.045672073433636926
Nc3ccc2cc1ccccc1cc2c3,-5.154904733260614
Cn1cnc2n(C)c(=O)[nH]c(=O)c12,-1.8664696705703254
c1ccc2cnccc2c1,-1.8594277310581784
COP(=S)(OC)SCC(=O)N(C(C)C)c1ccc(Cl)cc1,-4.5988627045751915
CCCCCCc1ccccc1,-4.833040513819536
Clc1ccccc1c2ccccc2,-4.876006873829594
CCCC(=C)C,-2.768014037179288
CC(C)C(C)C(C)C,-4.6791381470945
Clc1cc(Cl)c(Cl)c(Cl)c1Cl,-6.207455627697259
Oc1cccc(c1)N(=O)=O,-1.4485952273234313
CCCCCCCCC=C,-5.644651811392296
CC(=O)OCC(COC(=O)C)OC(=O)C,-1.025815402901603
CCCCc1c(C)nc(nc1O)N(C)C,-2.5242235889220597
CC1(C)C(C=C(Cl)Cl)C1C(=O)OC(C#N)c2ccc(F)c(Oc3ccccc3)c2,-7.047365391321196
c1ccncc1,0.5867199927506422
CCCCCCCBr,-4.919543613033583
Cc1ccncc1C,-0.5845857639317716
CC34CC(O)C1(F)C(CCC2=CC(=O)CCC12C)C3CCC4(O)C(=O)CO,-3.495932897834288
CCSCc1ccccc1OC(=O)NC,-3.179793476569605
CCOC(=O)CC(=O)OCC,-1.0394076235038994
CC1=CCC(CC1)C(C)=C,-3.691456401717896
C1Cc2ccccc2C1,-3.4335702369283303
CC(C)(C)c1ccc(O)cc1,-2.4024194093640254
O=C2NC(=O)C1(CC1)C(=O)N2,-2.039305143749729
Clc1cccc(I)c1,-3.803652691138513
Brc1cccc2ccccc12,-4.7580533851653115
CC/C=C/C,-2.439579387188788
Cc1cccc(C)n1,-0.6935870258174068
ClC=C(Cl)Cl,-1.9424327632209626
Nc1cccc2ccccc12,-3.1672853162302967
Cc1cccc(C)c1,-2.338219189068889
Oc2ncc1nccnc1n2,-1.098838126631715
CO,1.5874220595929138
CCC1(CCC(C)C)C(=O)NC(=O)NC1=O,-2.3904652478874375
CCC(=O)C,0.4027280996328293
Fc1c[nH]c(=O)[nH]c1=O,-1.2930306753221035
Nc1ncnc2n(ccc12)C3OC(CO)C(O)C3O,-1.7711934640182725
Oc1cccc(O)c1,0.1204324736361854
CCCCCCO,-1.3130704376453837
CCCCCCl,-3.163474147994097
C=CC=C,-1.2719235543309761
CCCOC(=O)C,-0.5673133763159016
Oc2ccc1CCCCc1c2,-2.4994827136977698
NC(=O)CCl,0.7645172748304786
COP(=S)(OC)Oc1cc(Cl)c(I)cc1Cl,-5.992038447784255
Cc1ccc(Cl)cc1,-2.775126046172679
CSc1nnc(c(=O)n1N)C(C)(C)C,-1.9934295160423823
Cc1ccc(OP(=O)(Oc2cccc(C)c2)Oc3ccccc3C)cc1,-5.353504535725312
CCCCCC=O,-1.512592351564981
CCCCOC(=O)c1ccc(N)cc1,-3.090301926245149
O2c1cc(C)ccc1N(C)C(=O)c3cc(N)cnc23,-3.2173471177893402
CC(C)=CCC/C(C)=C\CO,-2.3984031180674323
Clc1ccc(cc1)c2ccccc2Cl,-5.560783981953019
O=C1N(COC(=O)CCCCCCC)C(=O)C(N1)(c2ccccc2)c3ccccc3,-5.3221751881244685
CCN(=O)=O,-0.13264199939080984
CCN(CC(C)=C)c1c(cc(cc1N(=O)=O)C(F)(F)F)N(=O)=O,-5.368915489523053
Clc1ccc(Cl)c(Cl)c1Cl,-5.2085383467442865
CCCC(C)(COC(N)=O)COC(N)=O,-1.6885812732778263
CC(=O)C3CCC4C2CC=C1CC(O)CCC1(C)C2CCC34C,-4.604383217123758
CI,-1.3508188006776205
CC1CC(C)C(=O)C(C1)C(O)CC2CC(=O)NC(=O)C2,-1.6528678198153852
O=C1N(COC(=O)CCCCCC)C(=O)C(N1)(c2ccccc2)c3ccccc3,-5.186360753353382
CC1=CC(=O)CC(C)(C)C1,-1.6371857726622472
O=C1NC(=O)NC(=O)C1(CC)C(C)CC,-2.348581976761088
CCCCC(=O)CCCC,-2.474748561880209
CCC1(CCC(=O)NC1=O)c2ccccc2,-2.6682218882788264
CCC(C)CC,-3.48841765263221
CCOc1ccc(cc1)C(C)(C)COCc3cccc(Oc2ccccc2)c3,-4.920885470076241
Cc1ccccc1n3c(C)nc2ccccc2c3=O,-3.6796535889863753
ClCC#N,0.1264402532851209
CCOP(=S)(CC)Oc1cc(Cl)c(Cl)cc1Cl,-6.269869969693159
CC12CCC(=O)C=C1CCC3C2CCC4(C)C3CCC4(O)C#C,-4.742896788187179
c1ccnnc1,0.9934998831117602
Clc1cc(Cl)c(Cl)c(Cl)c1,-5.407336172989579
C1C(O)CCC2(C)CC3CCC4(C)C5(C)CC6OCC(C)CC6OC5CC4C3C=C21,-4.640823679518791
Nc1ccccc1O,-0.4637553151236671
CCCCCCCCC(=O)OCC,-3.865103553928172
COCC(=O)N(C(C)C(=O)OC)c1c(C)cccc1C,-3.0311004443109644
CNC(=O)Oc1ccccc1OC(C)C,-3.0608820205176386
CCC(C)Cl,-2.0057587362136244
Oc1ccc2ccccc2c1,-2.5029061517087223
CC(C)Oc1cc(c(Cl)cc1Cl)n2nc(oc2=O)C(C)(C)C,-4.717317911024991
CCCCC#C,-2.226959701758421
CCCCCCCC#C,-4.471826845766751
Cc1ccccc1Cl,-2.5322742745954727
CC(C)OC(C)C,-1.5166871746087927
Nc1ccc(cc1)S(=O)(=O)c2ccc(N)cc2,-2.7820265521642735
CNN,1.4665359843262074
CC#C,-0.19767599397172617
CCOP(=S)(OCC)ON=C(C#N)c1ccccc1,-4.583428199535435
CCNP(=S)(OC)OC(=CC(=O)OC(C)C)C,-3.327876856409296
C=CC=O,0.3118163229134372
O=c1[nH]cnc2nc[nH]c12,-1.6817897195936833
Oc2ccc1ncccc1c2,-1.403750650541991
Fc1ccccc1,-1.5842812244690885
CCCCl,-1.2422754601338721
CCOC(=O)C,-0.12595760136793038
CCCC(C)(C)C,-4.000543152297261
Cc1cc(C)c(C)c(C)c1C,-3.9573248313761353
CC12CCC(CC1)C(C)(C)O2,-2.8028708803860356
CCCCOC(=O)CCCCCCCCC(=O)OCCCC,-4.090791631060222
Clc1ccc(cc1)c2ccc(Cl)cc2,-5.512256327137077
Cc1cccnc1C,-0.4810136125132393
CC(=C)C1CC=C(C)C(=O)C1,-2.4179743454875555
CCOP(=S)(OCC)SCSc1ccc(Cl)cc1,-5.358234217221691
COc1cc(cc(OC)c1O)C6C2C(COC2=O)C(OC4OC3COC(C)OC3C(O)C4O)c7cc5OCOc5cc67,-3.713064961059319
c1cc2cccc3c4cccc5cccc(c(c1)c23)c54,-7.984611680947391
Cc1ccc(cc1N(=O)=O)N(=O)=O,-3.008364250162909
c1c(Br)ccc2ccccc12,-4.805532080954913
CNC(=O)Oc1cccc(N=CN(C)C)c1,-2.6477619690251553
COc2cnc1ncncc1n2,-1.2809053039917078
Cc3ccnc4N(C1CC1)c2ncccc2C(=O)Nc34,-3.937185796986958
CCOP(=S)(OCC)Oc1nc(Cl)n(n1)C(C)C,-3.9806046219066133
CC(=C)C=C,-1.7514154922454037
CC(C)=CCCC(O)(C)C=C,-1.8698674101146904
COP(=S)(OC)Oc1ccc(SC)c(C)c1,-4.8236813534537735
OC1CCCCC1,-0.736984703119675
O=C1NC(=O)NC(=O)C1(C)CC=C,-1.6194944866508294
CC34CCC1C(CCC2CC(O)CCC12C)C3CCC4=O,-4.2178480978428965
OCC(O)C(O)C(O)C(O)CO,0.5827481592041308
Cc1ccc(cc1)c2ccccc2,-4.465976140318997
CCNc1nc(Cl)nc(NC(C)C)n1,-3.381093973699411
NC(=S)Nc1ccccc1,-2.4151650484413665
CCCC(=O)CCC,-1.1930268534606188
CC(=O)C(C)(C)C,-0.4820989414007575
Oc1ccc(Cl)cc1,-1.0358937971318083
O=C1CCCCC1,-0.4505912246666447
Cc1cccc(N)c1,-1.3133513442943323
ClC(Cl)(Cl)C#N,-2.096399723906785
CNc2cnn(c1cccc(c1)C(F)(F)F)c(=O)c2Cl,-3.618923644972857
CCCCCCCCC(=O)C,-3.521623718785695
CCN(CC)c1nc(Cl)nc(NC(C)C)n1,-3.839252042719244
CCOC(=O)c1ccc(N)cc1,-2.2714282215595802
Clc1ccc(Cl)c(Cl)c1,-4.313141679174022
Cc3nnc4CN=C(c1ccccc1Cl)c2cc(Cl)ccc2n34,-4.569632895596761
Oc1ccccc1O,-0.1701461258961902
CCN2c1ncccc1N(C)C(=O)c3cccnc23,-2.9477544226751076
CSC,-0.6376333409543719
Cc1ccccc1Br,-2.7917066461549793
CCOC(=O)N,0.15197532073303313
CC(=O)OC3(CCC4C2C=C(C)C1=CC(=O)CCC1(C)C2CCC34C)C(C)=O,-4.653175129110339
CC(C)C(O)C(C)C,-1.1131099001746505
c1ccc2ccccc2c1,-3.543718226568047
CCNc1ccccc1,-2.0731318195693067
O=C1NC(=O)C(N1)(c2ccccc2)c3ccccc3,-4.613174475829747
Cc1c2ccccc2c(C)c3ccc4ccccc4c13,-6.798591296373777
CCOP(=S)(OCC)SC(CCl)N1C(=O)c2ccccc2C1=O,-5.351114295773989
COc1ccc(cc1)C(c2ccc(OC)cc2)C(Cl)(Cl)Cl,-6.218254966100785
Fc1cccc(F)c1C(=O)NC(=O)Nc2cc(Cl)c(F)c(Cl)c2F,-5.72423334791821
O=C1N(COC(=O)CCCC)C(=O)C(N1)(c2ccccc2)c3ccccc3,-4.874026385821962
CN(C)C(=O)Nc1ccc(Cl)cc1,-2.4720358188534037
OC(Cn1cncn1)(c2ccc(F)cc2)c3ccccc3F,-3.441548631673374
CC(=O)OCC(=O)C3(O)C(CC4C2CCC1=CC(=O)C=CC1(C)C2(F)C(O)CC34C)OC(C)=O,-3.949605341656124
CCCCBr,-2.5297840412608146
Brc1cc(Br)c(Br)cc1Br,-6.430838119017295
CC(C)CC(=O)C,-0.9475077853997436
CCSC(=O)N(CC)C1CCCCC1,-3.8278921863638837
COc1ccc(Cl)cc1,-2.4841944974231582
CC1(C)C(C=C(Br)Br)C1C(=O)OC(C#N)c2cccc(Oc3ccccc3)c2,-7.03175138945173
CCC(C)C1(CC=C)C(=O)NC(=O)NC1=O,-2.6294799518746665
COP(=S)(OC)Oc1ccc(N(=O)=O)c(C)c1,-4.211584685482457
Ic1cccc2ccccc12,-5.02219478472053
OCC(O)C(O)C(O)C(O)CO,0.5827481592041308
CCS,-0.3442805726121375
ClCC(Cl)Cl,-1.1448865969208868
CN(C)C(=O)Oc1cc(C)nn1c2ccccc2,-2.9423450571989047
NC(=O)c1ccccc1O,-1.0880280867035537
Cc1ccccc1N(=O)=O,-2.2359367991758177
O=C1NC(=O)NC(=O)C1(C(C)C)C(C)C,-2.3669211060553432
CCc1ccccc1C,-2.8459993287957635
CCCCCCCCl,-4.672887730011327
O=C1NC(=O)NC(=O)C1(CC)CC,-1.6831173549123597
C(Cc1ccccc1)c2ccccc2,-3.7771976614217175
ClC(Cl)C(Cl)Cl,-1.749481745543065
CCN2c1cc(OC)cc(C)c1NC(=O)c3cccnc23,-3.904319638926431
Cc1ccc2c(ccc3ccccc32)c1,-5.799302271651234
CCCCOC(=O)c1ccccc1C(=O)OCCCC,-4.578818243701106
COc1c(O)c(Cl)c(Cl)c(Cl)c1Cl,-3.883531250044231
CCN(CC)C(=O)C(=CCOP(=O)(OC)OC)Cl,-0.5950178204784121
CC34CCC1C(=CCc2cc(O)ccc12)C3CCC4=O,-4.107871276980013
CCOC(=O)c1ccccc1S(=O)(=O)NN(C=O)c2nc(Cl)cc(OC)n2,-3.5279350717890496
COc1ccc(cc1)N(=O)=O,-2.3033975053617652
CCCCCCCl,-3.9773105077561697
Clc1cc(c(Cl)c(Cl)c1Cl)c2cc(Cl)c(Cl)c(Cl)c2Cl,-8.523167911095348
OCC1OC(CO)(OC2OC(COC3OC(CO)C(O)C(O)C3O)C(O)C(O)C2O)C(O)C1O,-0.3836805812527951
CCCCCCCCCCCCCCCCCCCCCCCCCC,-8.026498491765187
CCN2c1ccccc1N(C)C(=O)c3cccnc23,-3.474537482174381
CC(Cl)Cl,-1.1264535659485218
Nc1ccc(cc1)S(N)(=O)=O,-1.180886198105112
CCCN(CCC)c1c(cc(cc1N(=O)=O)C(C)C)N(=O)=O,-5.471271756838542
ClC1C(Cl)C(Cl)C(Cl)C(Cl)C1Cl,-4.773866507467023
CCOP(=S)(NC(C)C)Oc1ccccc1C(=O)OC(C)C,-5.0079722869061944
Clc1cccc(Cl)c1Cl,-4.130693345638001
ClC(Cl)(Cl)Cl,-2.4078812968205474
O=N(=O)c1cc(Cl)c(Cl)cc1,-3.6952762445758927
OC1CCCCCCC1,-1.1738885235250582
CC1(O)CCC2C3CCC4=CC(=O)CCC4(C)C3CCC21C,-4.33250398752886
CCOc1ccc(NC(N)=O)cc1,-2.4830928778376973
C/C1CCC(\C)CC1,-3.864086892523004
c1cnc2c(c1)ccc3ncccc23,-2.7387113789989246
COC(C)(C)C,-0.6374485359124857
COc1ccc(C=CC)cc1,-3.1848977656346897
CCCCCCCCCCCCCCCCO,-5.9960215344036625
O=c1cc[nH]c(=O)[nH]1,-0.8932006207319894
Nc1ncnc2nc[nH]c12,-1.632968420942256
Clc1cc(Cl)c(cc1Cl)c2cccc(Cl)c2Cl,-7.345002418981966
COc1ccc(cc1)C(O)(C2CC2)c3cncnc3,-3.5418878931414106
c1ccc2c(c1)c3cccc4c3c2cc5ccccc54,-8.28435029724795
O=C(Nc1ccccc1)Nc2ccccc2,-3.2322732420664906
CCC1(C(=O)NC(=O)NC1=O)c2ccccc2,-2.699026004481002
Clc1ccc(cc1)c2cccc(Cl)c2Cl,-6.175915420036441
CC(C)c1ccc(NC(=O)N(C)C)cc1,-3.0045486785037454
CCN(CC)C(=O)CSc1ccc(Cl)nn1,-1.9870340027855895
CCC(C)(C)CO,-0.9128033376361417
CCCOC(=O)CCC,-1.4778809853122579
Cc1c(cc(cc1N(=O)=O)N(=O)=O)N(=O)=O,-3.516579479438151
CC(C)OP(=S)(OC(C)C)SCCNS(=O)(=O)c1ccccc1,-3.8876138226307844
C1CCCCCC1,-3.263800596677229
CCCOC=O,-0.38690162034907727
CC(C)c1ccccc1C,-3.4277792861105056
Nc1cccc(Cl)c1,-1.6742557752420602
CC(C)CC(C)C,-4.100013783435616
o1c2ccccc2c3ccccc13,-4.630571934980044
CCOC2Oc1ccc(OS(C)(=O)=O)cc1C2(C)C,-3.7493834253613914
CN(C)C(=O)Nc1cccc(c1)C(F)(F)F,-3.3785288043405854
c3ccc2nc1ccccc1cc2c3,-3.866659757374628
CC12CC(=O)C3C(CCC4=CC(=O)CCC34C)C2CCC1(O)C(=O)CO,-3.248797543433119
OCC1OC(O)C(O)C(O)C1O,0.35955940923893515
Cc1cccc(O)c1,-0.6817222510007613
CC2Cc1ccccc1N2NC(=O)c3ccc(Cl)c(c3)S(N)(=O)=O,-3.969525115008193
CCC(C)C(=O)OC2CC(C)C=C3C=CC(C)C(CCC1CC(O)CC(=O)O1)C23,-4.203204999432205
O=N(=O)c1ccc(cc1)N(=O)=O,-2.6870550317668935
CCC1(C(=O)NC(=O)NC1=O)C2=CCC3CCC2C3,-3.5409672395509078
CCCCCCCCCC(=O)OCC,-4.261678308295122
CN(C)C(=O)Nc1ccccc1,-1.6711108196750193
CCCOCC,-0.564589837892669
CC(C)O,0.9966671485591935
Cc1ccc2ccccc2c1,-4.197171664598121
ClC(Br)Br,-1.749112033990065
CCC(C(CC)c1ccc(O)cc1)c2ccc(O)cc2,-4.301983341266541
CCOC(=O)CC(SP(=S)(OC)OC)C(=O)OCC,-3.0344427209481393
ClCc1ccccc1,-2.1925706016376165
C/C=C/C=O,-0.23198193593006308
CON(C)C(=O)Nc1ccc(Br)c(Cl)c1,-3.4026579381818123
Cc1c2ccccc2c(C)c3ccccc13,-5.912665769456252
CCCCCC(=O)OC,-1.6012140752356945
CN(C)C(=O)Nc1ccc(c(Cl)c1)n2nc(oc2=O)C(C)(C)C,-3.4700932174972388
CC(=O)Nc1ccc(F)cc1,-2.4074379750909354
CCc1cccc(CC)c1N(COC)C(=O)CCl,-3.7416111954585345
C1CCC=CC1,-2.3809765272897154
CC12CC(O)C3C(CCC4=CC(=O)CCC34C)C2CCC1(O)C(=O)CO,-3.4325122282710447
c1cncnc1,1.0306165367552063
Clc1ccc(cc1)N(=O)=O,-2.7959266931103897
CCC(=O)OC,0.22705559562880007
Clc1ccccc1N(=O)=O,-2.6693532350543046
CCCCN(C)C(=O)Nc1ccc(Cl)c(Cl)c1,-4.42481767917801
CN1CC(O)N(C1=O)c2nnc(s2)C(C)(C)C,-2.4404904555714264
O=N(=O)c1ccccc1,-1.8372555278863814
Ic1ccccc1,-2.5034671694408495
CC2Nc1cc(Cl)c(cc1C(=O)N2c3ccccc3C)S(N)(=O)=O,-4.134602943743019
COc1ccccc1OCC(O)COC(N)=O,-1.4052811231694402
CCCCOCN(C(=O)CCl)c1c(CC)cccc1CC,-4.126341542350398
Oc1cccc(Cl)c1Cl,-1.648756687145212
CCCC(=O)OC,-0.46194110268590666
CCC(=O)Nc1ccc(Cl)c(Cl)c1,-3.615149532810753
Nc3nc(N)c2nc(c1ccccc1)c(N)nc2n3,-3.06207525986028
CCCCCC(=O)OCC,-2.302064973067009
OCC(O)C2OC1OC(OC1C2O)C(Cl)(Cl)Cl,-1.2951543179549971
CN(C=Nc1ccc(C)cc1C)C=Nc2ccc(C)cc2C,-4.015686775806648
COc1nc(NC(C)C)nc(NC(C)C)n1,-3.3355747580285238
CCCCCCC=C,-4.700510480886345
Cc1ccc(N)cc1,-1.32069435337721
Nc1nccs1,-0.3831458357471525
c1ccccc1(OC(=O)NC),-1.943958166985889
CCCC(O)CC,-0.6046535449314547
c3ccc2c(O)c1ccccc1cc2c3,-4.284750811834766
Cc1ccc2cc3ccccc3cc2c1,-5.822495767125825
Cc1cccc(C)c1C,-2.7990339509886204
CNC(=O)Oc1ccc(N(C)C)c(C)c1,-2.8379935359135793
CCCCCCCC(C)O,-2.7670577205219447
CN(C(=O)NC(C)(C)c1ccccc1)c2ccccc2,-3.6956612460320217
CCCC(=O)CC,-0.5299165243729551
Oc1c(Br)cc(C#N)cc1Br,-2.923895974000385
Clc1ccc(cc1Cl)c2ccccc2,-5.483667119305033
CN(C(=O)COc1nc2ccccc2s1)c3ccccc3,-3.737485516488227
Oc1cccc2ncccc12,-1.4803279677234782
CC1=C(SCCO1)C(=O)Nc2ccccc2,-2.732485215574947
CCOc2ccc1nc(sc1c2)S(N)(=O)=O,-3.3179175025157717
Oc1c(Cl)c(Cl)c(Cl)c(Cl)c1Cl,-4.44855650580488
ClCBr,-0.9205185425916428
CCC1(CC)C(=O)NC(=O)N(C)C1=O,-1.5826382749376102
CC(=O)OCC(=O)C3CCC4C2CCC1=CC(=O)CCC1(C)C2CCC34C,-4.302106365188055
NC(=O)NCc1ccccc1,-1.2798672584414665
CN(C)C(=O)Nc1ccc(C)c(Cl)c1,-2.891625504588346
CON(C)C(=O)Nc1ccc(Cl)c(Cl)c1,-3.2378601248517747
OC1CCCCCC1,-0.9744617780615787
CS(=O)(=O)c1ccc(cc1)C(O)C(CO)NC(=O)C(Cl)Cl,-1.6622756962127887
CCCC(C)C1(CC)C(=O)NC(=S)NC1=O,-3.2472895094119303
CC(=O)Nc1nnc(s1)S(N)(=O)=O,-1.8375103289866064
Oc1ccc(cc1)N(=O)=O,-1.4044660315703037
ClC1=C(Cl)C2(Cl)C3C4CC(C=C4)C3C1(Cl)C2(Cl)Cl,-6.8980582011837654
C1CCOC1,0.3534044754622279
Nc1ccccc1N(=O)=O,-1.9841216407470132
Clc1cccc(c1Cl)c2cccc(Cl)c2Cl,-6.782510610077781
CCCCC1C(=O)N(N(C1=O)c2ccccc2)c3ccccc3,-4.265555671652543
Cc1c(cccc1N(=O)=O)N(=O)=O,-2.938252867228525
CC(=O)C1CCC2C3CCC4=CC(=O)CCC4(C)C3CCC12C,-4.628558059489057
CCN(CC)c1nc(Cl)nc(n1)N(CC)CC,-4.02003442957125
ClC(Cl)C(Cl)(Cl)SN2C(=O)C1CC=CCC1C2=O,-4.245803468848732
c1(Br)c(Br)cc(Br)cc1,-5.13184162630564
OC3N=C(c1ccccc1)c2cc(Cl)ccc2NC3=O,-3.597511478560584
O=C1NC(=O)NC(=O)C1(C(C)CCC)CC=C,-2.8642438963353176
c1(O)c(C)ccc(C(C)C)c1,-2.234014884149348
C1SC(=S)NC1(=O),-1.5076232269216376
Oc1ccc(c(O)c1)c3oc2cc(O)cc(O)c2c(=O)c3O,-2.3753600413199196
ClC1(C(=O)C2(Cl)C3(Cl)C14Cl)C5(Cl)C2(Cl)C3(Cl)C(Cl)(Cl)C45Cl,-5.651643584430102
CCN(CC)C(=S)SSC(=S)N(CC)CC,-4.859317761182746
C1CCCCC1,-3.2638005965344483
ClC1=C(Cl)C(Cl)(C(=C1Cl)Cl)C2(Cl)C(=C(Cl)C(=C2Cl)Cl)Cl,-6.585859975462358
CN(C)C=Nc1ccc(Cl)cc1C,-3.2124374951683086
CC34CCc1c(ccc2cc(O)ccc12)C3CCC4=O,-4.405326527905015
CCCCCCCCO,-2.8885844600174395
CCSCC,-1.4336553502857494
ClCCCl,-0.7538513804852044
CCC(C)(C)Cl,-2.7592284533160205
ClCCBr,-1.0385102589193438
Nc1ccc(cc1)N(=O)=O,-1.8335288616489929
OCC1OC(OC2C(O)C(O)C(O)OC2CO)C(O)C(O)C1O,-0.1904020117354876
CCN2c1ncccc1N(CC)C(=O)c3cccnc23,-3.286704751876988
Clc1ccccc1,-1.920754862556986
CCCCCCCC=C,-5.217451632963129
Brc1ccc(I)cc1,-4.124369316371318
CCC(C)(O)CC,-0.23985212122543248
CCCCCc1ccccc1,-4.428230701938142
NC(=O)NC1NC(=O)NC1=O,-1.196044315434883
OCC(O)COC(=O)c1ccccc1Nc2ccnc3cc(Cl)ccc23,-3.7859528514884686
ClC(Cl)C(c1ccc(Cl)cc1)c2ccc(Cl)cc2,-6.762691744277268
CC(=O)OC3CCC4C2CCC1=CC(=O)CCC1(C)C2CCC34C,-4.729943348246226
Clc1cccc2ccccc12,-4.523675954598014
CCN2c1ccccc1N(C)C(=O)c3ccccc23,-4.147215166926793
CCCCC(C)O,-0.7253090903642063
CCCC1CCCC1,-4.987759381621855
CCOC(=O)c1cncn1C(C)c2ccccc2,-3.4323431690410224
Oc1ccc(Cl)c(Cl)c1,-1.9057395246817226
CC1(C)C(C=C(Cl)Cl)C1C(=O)OC(C#N)c2cccc(Oc3ccccc3)c2,-6.946662554497365
c2ccc1ocnc1c2,-1.4609544114402053
CCCCCO,-0.5670577584593146
CCN(CC)c1ccccc1,-3.252281907609273
Fc1cccc(F)c1,-2.511665414035722
ClCCC#N,-0.3317348692064872
CC(C)(C)Cc1ccccc1,-4.192158961440327
O=C1NC(=O)NC(=O)C1(CC)c1ccccc1,-2.699026035388445
Clc1ccccc1I,-3.621911136999926
c2ccc1[nH]nnc1c2,-1.038156301065794
CNC(=O)Oc1cccc2CC(C)(C)Oc12,-3.339766718267486
Cc1cccc(C)c1O,-0.9752973804250267
CC(C)C(C)O,-0.21072571983745697
c1ccccc1C(O)c2ccccc2,-2.8996295679292166
CCCCCCCCCC(=O)OC,-3.8217679722983866
COP(=S)(OC)Oc1ccc(cc1Cl)N(=O)=O,-4.439275859770147
CC(C)CBr,-2.3624367936986155
CCI,-1.5644172713708515
CN(C)C(=O)Oc1nc(nc(C)c1C)N(C)C,-2.269218680410355
CCCCCCBr,-4.258115485507434
CCCC(C)C,-3.6576872036865837
Cc1c(F)c(F)c(COC(=O)C2C(C=C(Cl)C(F)(F)F)C2(C)C)c(F)c1F,-6.757682509278418
CCc1cccc(C)c1N(C(C)COC)C(=O)CCl,-3.9829647797154175
ON=Cc1ccc(o1)N(=O)=O,-2.1678448440214937
CC(C)C(Nc1ccc(cc1Cl)C(F)(F)F)C(=O)OC(C#N)c2cccc(Oc3ccccc3)c2,-6.348176333187352
Nc1nc[nH]n1,0.19100803209324307
BrC(Br)Br,-1.952060119837671
COP(=O)(OC)C(O)C(Cl)(Cl)Cl,-0.42074964178488666
CCOP(=S)(OCC)SCn1c(=O)oc2cc(Cl)ccc12,-4.895532668484741
OCc1ccccc1,-0.5547902211604442
O=c2c(C3CCCc4ccccc43)c(O)c1ccccc1o2,-4.278132448807014
Oc1ccc(Br)cc1,-1.1980542022303324
CC(C)Br,-1.6175591733490535
CC(C)CC(C)(C)C,-4.345737423246243
O=N(=O)c1cc(cc(c1)N(=O)=O)N(=O)=O,-3.3159478243845912
CN2C(=O)CN=C(c1ccccc1)c3cc(ccc23)N(=O)=O,-3.5743661929729003
CCC,-1.6513961343272938
Nc1cc(nc(N)n1=O)N2CCCCC2,-2.8095881821286612
Nc2cccc3nc1ccccc1cc23,-3.7159429989999473
c1ccc2cc3c4cccc5cccc(c3cc2c1)c45,-8.22699507944127
OC(c1ccc(Cl)cc1)(c2ccc(Cl)cc2)C(Cl)(Cl)Cl,-6.2761593038746
C1Cc2cccc3cccc1c23,-5.576011878118705
CCOP(=S)(OCC)SC(CCl)N2C(=O)c1ccccc1C2=O,-5.351114295773989
Brc1ccc(Br)cc1,-3.7528440168307164
Cn2c(=O)on(c1ccc(Cl)c(Cl)c1)c2=O,-3.0625926062611137
Oc1ccc(cc1)c2ccccc2,-3.023644021613158
CC1=C(CCCO1)C(=O)Nc2ccccc2,-2.749105503328235
CCOC=C,-0.7435067239222657
CCC#C,-0.6687754713535012
COc1ncnc2nccnc12,-1.5015523651998022
CCCCC(C)(O)CC,-1.421064321536198
Clc1ccc(Cl)cc1,-3.2397390627376565
O=C1N(COC(=O)C)C(=O)C(N1)(c2ccccc2)c3ccccc3,-4.4410464541030805
CSCS(=O)CC(CO)NC(=O)C=Cc1c(C)[nH]c(=O)[nH]c1=O,-1.9381790554800002
Cc1c[nH]c2ccccc12,-3.2150270266238294
COc2ncc1nccnc1n2,-1.5399617471768525
CNC(=O)Oc1ccccc1C2OCCO2,-1.8162761044952138
C1N(C(=O)NCC(C)C)C(=O)NC1,-1.7885030353268607
CC#N,0.46838970291297943
CCOC(=O)NCCOc2ccc(Oc1ccccc1)cc2,-3.9052762698980734
CC(=O)N(S(=O)c1ccc(N)cc1)c2onc(C)c2C,-3.0121410301916955
ClCC(Cl)(Cl)Cl,-2.125570989944877
CCCCO,0.045531941929590224
CC1CCCCC1NC(=O)Nc2ccccc2,-4.049330366372679
Clc1cc(Cl)cc(Cl)c1,-4.553731116485046
O=Cc1ccco1,-0.6289207666474214
CC(C)CCO,-0.6287623323120454
O=Cc2ccc1OCOc1c2,-2.268983588843798
CC(=C)C,-1.629508905533061
O=Cc1ccccc1,-1.0769501434724311
CC(=C)C(=C)C,-2.0907466521423683
CCOC(=O)CCN(SN(C)C(=O)Oc1cccc2CC(C)(C)Oc21)C(C)C,-4.0858128591868486
O2c1ccccc1N(C)C(=O)c3cccnc23,-2.9959525283646036
C1c2ccccc2c3ccccc13,-5.767133447706458
CC1CCCCC1,-3.5953266696955595
NC(=N)NS(=O)(=O)c1ccc(N)cc1,-1.5471782549523003
COC(=O)c1ccc(O)cc1,-1.2443178668021986
CC1CCCO1,-0.41369804737475213
CC3C2CCC1(C)C=CC(=O)C(=C1C2OC3=O)C,-3.8299833388454596
OCC2OC(Oc1ccccc1CO)C(O)C(O)C2O,-1.012156230943202
CCCI,-2.0088250449682508
CCNc1nc(NC(C)C)nc(SC)n1,-3.525198403445395
CCCO,0.7484607544306878
CC(=O)C1(O)CCC2C3CCC4=CC(=O)CCC4(C)C3CCC21C,-4.098303558195479
CCCC(C)O,-0.18105659056882875
OC(C(=O)c1ccccc1)c2ccccc2,-2.6118365989255845
Cc1ccc(O)c(C)c1,-1.2002705924207695
Clc1cccc(c1)N(=O)=O,-2.7940198718962885
Cc2c(N)c(=O)n(c1ccccc1)n2C,-2.131240139609784
Clc1ccc(c(Cl)c1)c2cc(Cl)ccc2Cl,-6.93721710861656
ClC(=C(Cl)C(=C(Cl)Cl)Cl)Cl,-4.974047514196009
CCNc1nc(NC(C)(C)C)nc(SC)n1,-3.6928033130422664
CCC(C)CCO,-1.2104235178351446
Cc2ncc1nccnc1n2,-1.0748788060283943
CC23Cc1cnoc1C=C2CCC4C3CCC5(C)C4CCC5(O)C#C,-5.046697204377163
CCCCI,-3.0019663350369443
Brc1ccc2ccccc2c1,-4.805531981120805
CC1OC(CC(O)C1O)OC2C(O)CC(OC2C)OC8C(O)CC(OC7CCC3(C)C(CCC4C3CC(O)C5(C)C(CCC45O)C6=CC(=O)OC6)C7)OC8C,-3.3962286282955
FC(F)(F)c1ccccc1,-3.4639737469619525
CCCCCCOC(=O)c1ccccc1C(=O)OCCCCCC,-5.316468738235563
c1ccc2c(c1)sc3ccccc23,-5.218147778792551
Clc1ccc(c(Cl)c1)c2ccc(Cl)c(Cl)c2Cl,-7.319093539078376
Clc1ccc(c(Cl)c1Cl)c2ccc(Cl)c(Cl)c2Cl,-7.680511540766112
CC(=O)CC(c1ccccc1)c3c(O)c2ccccc2oc3=O,-3.918158249198361
c1ccccc1C(O)C(O)c2ccccc2,-2.0872033989581498
COC(=O)c1ccccc1C(=O)OC,-2.565705792409087
CCCCCCCC(=O)OCC,-3.406614959911115
CCSSCC,-2.0112423864402253
CCOCCOCC,-0.1704760469846584
Clc1cc(Cl)c(Cl)cc1Cl,-5.345497340865277
Nc1ccc(cc1)c2ccc(N)cc2,-3.3920639658955962
CCCCCC=C,-4.039071360816853
CCCCc1c(C)nc(NCC)[nH]c1=O,-3.053346174062176
O=C1NC(=O)NC(=O)C1(CC)C(C)CCC,-2.5839284352028558
Nc1ccccc1Cl,-1.4702471885651924
COc1cccc(Cl)c1,-2.4771809923819683
CCCCN(CC)C(=O)SCCC,-3.325571361132961
CCCCOC=O,-1.011450603270931
CC12CC(O)C3C(CCC4=CC(=O)C=CC34C)C2CCC1(O)C(=O)CO,-3.7155541936375727
BrC(Cl)Cl,-1.4943668159217975
CC34CC(=O)C1C(CCC2=CC(=O)CCC12C)C3CCC4(=O),-3.541607541200952
c1ccc(cc1)c2ccc(cc2)c3ccccc3,-5.433962037936126
Oc1ccc(C=O)cc1,-0.6447298087004794
CBr,-0.9152624380876553
Cc1cc(ccc1NS(=O)(=O)C(F)(F)F)S(=O)(=O)c2ccccc2,-3.7225032852803084
CC(=O)CC(c1ccc(Cl)cc1)c2c(O)c3ccccc3oc2=O,-4.334030138550247
CCc1ccc2ccccc2c1,-4.673883227782177
Nc1c(C)c[nH]c(=O)n1,-1.1319538847771775
Clc2c(Cl)c(Cl)c(c1ccccc1)c(Cl)c2Cl,-7.5596229868563025
c1c(NC(=O)c2ccccc2(I))cccc1,-4.282405377938554
Cc3cc2nc1c(=O)[nH]c(=O)nc1n(CC(O)C(O)C(O)CO)c2cc3C,-2.64792438466202
Fc1ccccc1Br,-2.9838181324455464
Oc1ccc(Cl)cc1Cl,-1.836753942765895
CC1(C)C(C=C(Cl)Cl)C1C(=O)OCc2cccc(Oc3ccccc3)c2,-6.3523189435024126
CN2C(=C(O)c1ccccc1S2(=O)=O)C(=O)Nc3ccccn3,-2.957908151932727
O=C1N(COC(=O)CC)C(=O)C(N1)(c2ccccc2)c3ccccc3,-4.460190794893308
C1CCCC1,-3.2638006090198646
Cc1ccccc1N,-1.1890262968145922
c1(OC)ccc(CC=C)cc1,-3.341424150265997
CN(C)C(=O)Nc1cccc(OC(=O)NC(C)(C)C)c1,-3.133977965123029
CC(C)C=C,-2.269350368541166
Oc1ccccn1,0.2217491535565479
CC,-1.2806798777188115
Clc1ccccc1Cl,-2.970890357381795
Sc2nc1ccccc1s2,-2.98882780112016
Clc1c(Cl)c(Cl)c(c(Cl)c1Cl)c2c(Cl)c(Cl)c(Cl)c(Cl)c2Cl,-9.254671611759685
COc2c1occc1cc3ccc(=O)oc23,-3.567159550790754
CC(=O)N,1.1537327924029033
Cc1cccc2ccccc12,-4.020390319670679
CCN(CC)C(=O)C(C)Oc1cccc2ccccc12,-4.374838749865044
CC(O)C(C)(C)C,-0.8077818019515473
CCCC(=O)OCC,-1.0825002605279004
CC2=CC(=O)c1ccccc1C2=O,-2.9977251870003534
c1ccc2c(c1)ccc3ccccc32,-5.450870864972751
Cc1ccnc(C)c1,-0.7664932741035279
CCCCCCCCCO,-3.5202371709763574
BrCBr,-1.1788086744689088
CC1CC2C3CCC4=CC(=O)C=CC4(C)C3(F)C(O)CC2(C)C1(O)C(=O)CO,-4.007433299071975
Cc1ccc2cc(C)ccc2c1,-4.751653471153025
CCSC(=O)N(CC(C)C)CC(C)C,-3.7323634863927126
O=N(=O)OCC(CON(=O)=O)ON(=O)=O,-1.863175620442869
Nc1cccc(c1)N(=O)=O,-1.8755060438705844
CCCCCl,-2.227659079713733
ClC(Cl)(Cl)C(NC=O)N1C=CN(C=C1)C(NC=O)C(Cl)(Cl)Cl,-4.638304268855876
Cn2cc(c1ccccc1)c(=O)c(c2)c3cccc(c3)C(F)(F)F,-5.31773216286348
Nc3cc2c1ccccc1ccc2c4ccccc34,-6.23880122311287
CC12CCC3C(CCc4cc(O)ccc34)C2CCC1=O,-4.247287811585039
CCN2c1ccccc1N(C)C(=S)c3cccnc23,-4.237816357839345
CC1CO1,-0.07558849021147855
O=C3CN=C(c1ccccc1)c2cc(ccc2N3)N(=O)=O,-3.5834628530370103
CCNC(=S)NCC,-1.537119418691158
Oc1cc(Cl)cc(Cl)c1Cl,-2.804090715018499
CCCCC(=O)OC,-0.9924871540527143
Nc1ccccc1,-0.5869289108598399
Cc1cccc2c(C)cccc12,-4.445426595514087
NS(=O)(=O)c2cc1c(NCNS1(=O)=O)cc2Cl,-2.2665002626558843
C1=Cc2cccc3cccc1c23,-6.269055575954583
CCCCCOC(=O)CC,-1.9816678552891305
CCNc1nc(NC(C)C)nc(OC)n1,-3.118098634031574
c1ccc2c(c1)cc3ccc4cccc5ccc2c3c45,-7.942421810968904
CCBr,-1.0884743648476556
CCC#CCC,-1.9854507812063367
CC1OC(CC(O)C1O)OC2C(O)CC(OC2C)OC8C(O)CC(OC7CCC3(C)C(CCC4C3CCC5(C)C(CCC45O)C6=CC(=O)OC6)C7)OC8C,-3.507411113836266
CCC(=C)C,-1.9197103699844973
Oc1cccc2cccnc12,-1.3761153142905804
C1CCc2ccccc2C1,-3.4591298804922475
Oc1ccc(cc1)C2(OC(=O)c3ccccc23)c4ccc(O)cc4,-4.868883157745357
Brc1cc(Br)cc(Br)c1,-5.265770666749868
COP(=S)(OC)Oc1cc(Cl)c(Cl)cc1Cl,-5.637797163729057
Cc1cc(=O)[nH]c(=S)[nH]1,-1.9112349380771891
COc1cc(CC=C)ccc1O,-2.431297123416349
O=C1NC(=O)NC(=O)C1(C(C)C)CC=C,-2.306635221477629
c1cc2ccc3cccc4ccc(c1)c2c34,-7.363218379642187
CCOC(C)OCC,-0.5075258380705173
CC1(C)CON(Cc2ccccc2Cl)C1=O,-2.3253724862302176
CCCCOCCO,-0.2359847606247966
Clc1c(Cl)c(Cl)c(N(=O)=O)c(Cl)c1Cl,-6.2032258577789845
CC12CCC(O)CC1CCC3C2CCC4(C)C3CCC4=O,-4.217848085290875
FC(F)(F)c1cccc(c1)N2CC(CCl)C(Cl)C2=O,-4.648152231781162
c1ccc2ncccc2c1,-1.7755669086819375
COC(=O)c1cc(O)c(O)c(O)c1,-1.242863171659714
OC(Cn1cncn1)(Cn2cncn2)c3ccc(F)cc3F,-1.949136894620623
Clc2ccc1oc(=O)[nH]c1c2,-3.1592660234637138
Clc1ccc(c(Cl)c1)c2c(Cl)c(Cl)c(Cl)c(Cl)c2Cl,-8.361797150805407
O=C1NC(=O)C(=O)C(=O)N1,-1.1451322020591033
ClCCCCl,-1.5686744729840787
Fc1cccc(Br)c1,-3.093830614491624
Clc1ccc(Br)cc1,-3.496117998963642
CC(C)C(C)C,-3.6461477600767402
CCC=C,-1.62134418470009
Clc1ccc(Cl)c(c1)c2cc(Cl)c(Cl)c(Cl)c2Cl,-7.871346393031603
Nc1cc[nH]c(=O)n1,-0.8259625886528348
FC(F)(Cl)C(F)(Cl)Cl,-2.95726439171063
CCC#N,0.13145312110042617
ClC(Cl)C(c1ccc(Cl)cc1)c2ccccc2Cl,-6.697978592402956
COc1ccccc1N(=O)=O,-2.328816248006903
CC34CCC1C(CC=C2CC(O)CCC12C)C3CCC4=O,-4.086824015929948
CC12CC2(C)C(=O)N(C1=O)c3cc(Cl)cc(Cl)c3,-4.923497392551578
c1cc2ccc3ccc4ccc5cccc6c(c1)c2c3c4c56,-9.07249335334712
CCC(C)c1cc(cc(N(=O)=O)c1O)N(=O)=O,-3.5415422672089596
c1c(OC)c(OC)C2C(=O)OCC2c1,-2.931843939317455
OCC(O)CO,1.409122118335199
COc1ccccc1O,-0.8971151241559416
CCOP(=S)(OCC)Oc1nc(Cl)c(Cl)cc1Cl,-5.273699565653847
Cc1c2ccccc2cc3ccccc13,-5.688150789896268
Cc1cc(=O)n(c2ccccc2)n1C,-2.265010620387628
CCCCOC,-0.8868564787568349
Cc2cnc1cncnc1n2,-0.9582024927200903
CCNc1nc(Cl)nc(NCC)n1,-3.1362933502276924
CN(C)C(=O)C,0.7033653420919109
CSc1nc(nc(n1)N(C)C)N(C)C,-2.610592901904804
C=C,-0.8956382875782356
CC(C)(C)CCO,-1.0582589182506776
O=C1NC(=O)NC(=O)C1(CC)CC=C,-1.9927347715868489
Oc1ccc(Cl)c(Cl)c1Cl,-2.6737578699488234
COc1ccccc1,-1.3499073501265815
c1ccc(Cl)cc1C(c2ccc(Cl)cc2)(O)C(=O)OC(C)C,-5.327559141886144
CC13CCC(=O)C=C1CCC4C2CCC(C(=O)CO)C2(CC(O)C34)C=O,-3.692557159031877
COc2ccc(Oc1ccc(NC(=O)N(C)C)cc1)cc2,-3.778417185051894
CCc1ccc(C)cc1,-3.0358363364594276
CC(C)SC(C)C,-2.871142254980671
O=N(=O)c1cccc(c1)N(=O)=O,-2.699431943420965
CCOP(=S)(OCC)SCSP(=S)(OCC)OCC,-4.728582484643295
CCC1(C(C)C)C(=O)NC(=O)NC1=O,-2.01632615769011
CC(=O)OCC(=O)C3(O)CCC4C2CCC1=CC(=O)CCC1(C)C2C(=O)CC34C,-3.419762528567014
Cc1ncc(N(=O)=O)n1CCO,-1.400136549556017
Nc1ccc(Cl)cc1,-1.6772474186317783
CCCC(C)(C)CO,-1.6000666552525598
c1ccoc1,0.3171090293148257
COCCCNc1nc(NC(C)C)nc(SC)n1,-3.2700395104630795
CN(C)C(=O)NC1CC2CC1C3CCCC23,-4.967579404792758
CC(C)(C)c1ccccc1,-3.5627827829849963
CC(=O)CCC1C(=O)N(N(C1=O)c2ccccc2)c3ccccc3,-3.3984605431977997
CC(=O)OCC(=O)C3(O)CCC4C2CCC1=CC(=O)C=CC1(C)C2C(O)CC34C,-3.8452908988831753
CCCOC,-0.18247085953761877
CC(C)OC(=O)C,-0.6832416416200544
Brc1ccccc1,-2.1644422984669274
CCOC(=O)c1ccc(O)cc1,-1.7717142172170348
O=C1N(COC(=O)CCC)C(=O)C(N1)(c2ccccc2)c3ccccc3,-4.704152968427613
CCC(=O)OC3CCC4C2CCC1=CC(=O)CCC1(C)C2CCC34C,-4.713945147133512
c1cc2ccc3ccc4ccc5ccc6ccc1c7c2c3c4c5c67,-9.924449506170673
O=c1[nH]cnc2[nH]ncc12,-1.4401795075458979
ClC=C,-1.0931505942789925
CN(C)C(=O)C(c1ccccc1)c2ccccc2,-4.557448713109422
BrC(Br)(Br)Br,-3.146589316169147
CCN2c1cc(N(C)C)cc(C)c1NC(=O)c3cccnc23,-3.961733636918722
O=C1NC(=O)c2ccccc12,-2.807379269751105
OC(c1ccc(Cl)cc1)(c2cncnc2)c3ccccc3Cl,-4.4780118395028
COC(=O)c1ccccc1,-1.7289836198518742
Cn1ccc(=O)[nH]c1=O,-0.8331654709766235
CCCCC1C(=O)N(N(C1=O)c2ccc(O)cc2)c3ccccc3,-3.7512020441962064
Clc1ccc(Cl)c(c1)c2cccc(Cl)c2Cl,-6.879715198456545
CCC2NC(=O)c1cc(c(Cl)cc1N2)S(N)(=O)=O,-3.3727843069934
CN(C)C(=O)Nc1ccc(Cl)c(Cl)c1,-3.241852885479358
C1CC=CC1,-2.216226055674549
C1(=O)NC(=O)NC(=O)C1(O)C2(O)C(=O)NC(=O)NC2(=O),-1.8315942256350755
CCCCCCCCC,-5.7309314975820485
Oc1ccccc1Cl,-0.8088923146517709
c1cccc2c3c(C)cc4ccccc4c3ccc12,-6.741727450127759
CCOc1ccccc1,-2.3142439955493477
CCOC(=O)C=Cc1ccccc1,-2.7834573909693585
Cc1[nH]c(=O)n(c(=O)c1Cl)C(C)(C)C,-2.2561866944753577
Clc1ccccc1C2=NCC(=O)Nc3ccc(cc23)N(=O)=O,-4.069073669981581
Cc1ccc(cc1)S(=O)(=O)N,-1.613088043611643
CC(OC(=O)Nc1cccc(Cl)c1)C#C,-4.057148695978731
CCCCCC(C)C,-4.943397615907275
CC1(C)C(C=C(Cl)C(F)(F)F)C1C(=O)OC(C#N)c2cccc(Oc3ccccc3)c2,-6.787535943391714
CCCC1C(=O)N3N(C1=O)c2cc(C)ccc2N=C3N(C)C,-3.8401763578053334
CN2C(=O)CN=C(c1ccccc1)c3cc(Cl)ccc23,-3.881068394752005
CCC(O)C(C)C,-0.6160159317433325
CCOP(=S)(OCC)Oc1ccc(cc1)S(C)=O,-4.3964116478966
CC1(C)C2CCC1(C)C(O)C2,-3.9029401437015765
CC12CCC3C(CCC4=CC(=O)CCC34C)C2CCC1O,-4.452253967264364
CCCCCCC,-4.6410531899541905
Oc1cccc2ccccc12,-2.354288570076579
C/C1CCCCC1\C,-4.224763038240878
COc2cc1c(N)nc(nc1c(OC)c2OC)N3CCN(CC3)C(=O)OCC(C)(C)O,-2.867576957168081
C1Cc2c3c1cccc3cc4c2ccc5ccccc54,-7.345842020128366
CC(=O)C3(C)CCC4C2C=C(C)C1=CC(=O)CCC1(C)C2CCC34C,-4.6726612002183785
CCCCCC(=O)C,-1.560559773333963
COP(=O)(NC(C)=O)SC,-0.1960989148339686
CCCCSP(=O)(SCCCC)SCCCC,-5.3571661249288995
c1cC2C(=O)NC(=O)C2cc1,-2.70000805615883
NS(=O)(=O)c2cc1c(NC(NS1(=O)=O)C(Cl)Cl)cc2Cl,-3.0305521171603558
CC=C(C)C,-1.8851643103416826
Cc1ccc(C)c(C)c1,-2.9649188218992486
Oc1cc(Cl)c(Cl)cc1Cl,-2.8051962851364625
c1ccc2c(c1)cnc3ccccc23,-3.89859572978443
CCCC(C)(O)CC,-0.8655360167720036
CCCCCCCC,-5.261685600012932
c1ccc2cc3ccccc3cc2c1,-5.48079955677534
NNc1ccccc1,-0.8259101611378721
CCC=O,0.5610509954797134
C1CCCCCCC1,-3.263800609075092
O=C1NC(=O)NC(=O)C1(CC=C)CC=C,-2.306765967688177
ClC(Cl)Cl,-1.1890448538073137
Sc1nccc(=O)[nH]1,-1.1129326520504632
Clc1ccc(CN(C2CCCC2)C(=O)Nc3ccccc3)cc1,-5.0060944583882385
CC1=CCCCC1,-2.5911050897781256
CCCCC(CC)C=O,-2.6333527556887772
COc2c1occc1c(OC)c3c(=O)cc(C)oc23,-4.031984818126576
O=C1NC(=O)NC(=O)C1(CC)CCC(C)C,-2.390465322207635
c1ccc2c3c(ccc2c1)c4cccc5cccc3c45,-8.25356331636291
CCC(CC)C=O,-1.153932224392694
CCCOCCC,-1.0245752411037818
CCCCCCCCCCCCCCO,-5.525623621004789
Oc1c(Cl)ccc(Cl)c1Cl,-2.4606278927550487
NC(=O)N,1.7129761480054533
CCCC#C,-1.3460687184685884
Brc1cccc(Br)c1,-3.686212295951006
CCCCCCCCCCCCCCCCCCO,-6.3641789610755115
CC(=O)Nc1ccccc1,-1.6931674704313657
c1cc(O)c(O)c2OCC3(O)CC4=CC(=O)C(O)=CC4=C3c21,-2.868052422815434
c1nccc(C(=O)NN)c1,-0.630097514834634
OC1C=CC2C1C3(Cl)C(=C(Cl)C2(Cl)C3(Cl)Cl)Cl,-5.7562513436546965
CC(C)CCOC=O,-1.5846481089095392
CC(=O)c1ccccc1,-1.4687286758666485
c2ccc1nc(ccc1c2)c4ccc3ccccc3n4,-4.306355928112026
CCOP(=O)(OCC)OCC,0.14322903385104785
CC2(C)C1CCC(C)(C1)C2=O,-2.755561272182141
COc2cnc1cncnc1n2,-1.3386756483899025
ClC2=C(Cl)C3(Cl)C1C=CCC1C2(Cl)C3(Cl)Cl,-6.277483655936814
CC(C)N(=O)=O,-0.409003371624042
c1ccc2c(c1)[nH]c3ccccc32,-4.935727406537526
OCC(O)C(O)CO,0.9921672721521461
CCCOC(=O)c1ccc(N)cc1,-2.6291157179449414
CNC(=O)C=C(C)OP(=O)(OC)OC,-0.19354693692493577
O=C1CCC(=O)N1,-0.06057234934145574
CCC(C)C(C)C,-4.208533275015665
CCCCc1c(C)nc(NCC)nc1OS(=O)(=O)N(C)C,-3.2237789231992373
CCN2c1ncccc1N(C)C(=S)c3cccnc23,-3.586180894882223
O2c1ccccc1N(CC)C(=O)c3ccccc23,-3.951088985376404
C1CCOCC1,0.009503626385334663
CCCCCC#C,-3.1325457017594567
c1cc2ccc(OC)c(CC=C(C)(C))c2oc1=O,-3.983131236778308
c1cc(C)cc2c1c3cc4cccc5CCc(c45)c3cc2,-7.496942102839029
CCOC(=O)c1ccccc1,-2.440972300389769
ClCC(C)C,-1.961065554425025
CC34CCC1C(CCc2cc(O)ccc12)C3CCC4(O)C#C,-4.945141635774512
CCCCCCCCCCCC(=O)OC,-4.570366593789929
CCCSCCC,-2.8493278640833664
c1ccc2cc3cc4ccccc4cc3cc2c1,-6.513633185994154
CCCCCBr,-3.4556652890772086
CCCC/C=C/C,-3.8794443394974323
Cc1ncc(N(=O)=O)n1CCO,-1.400136549556017
CCCCCC1CCCC1,-5.769758823979254
Clc1ccc(Cl)c(c1)c2c(Cl)c(Cl)cc(Cl)c2Cl,-8.030619139779764
O=C1NC(=O)NC(=O)C1(CC)C(C)C,-2.0163262200112033
CC(Cl)(Cl)Cl,-2.0372820822215347
CON(C)C(=O)Nc1ccc(Cl)cc1,-2.5205273926951492
O=C2NC(=O)C1(CCCCC1)C(=O)N2,-2.1624867824613943
CN(C)C(=O)OC1=CC(=O)CC(C)(C)C1,-1.6184787486830348
Cc1ccc(Br)cc1,-3.0229410429653134
CCOCC,-0.0957566439319228
CC(C)NC(=O)N1CC(=O)N(C1=O)c2cc(Cl)cc(Cl)c2,-3.9056846706357033
CCCCN(CC)c1c(cc(cc1N(=O)=O)C(F)(F)F)N(=O)=O,-5.576262439593462
Cc1cc(C)c(O)c(C)c1,-1.611663341262283
c1ccccc1,-0.8034591934997636
Clc1ccc(I)cc1,-3.8666753515848824
COc1ccc(NC(=O)N(C)C)cc1Cl,-2.641801415421368
CC(C)N(C(=O)CCl)c1ccccc1,-3.394760892711827
C=Cc1ccccc1,-2.442141571556474
COCOC,0.8880362396523591
Cc1ccccc1C,-2.1869631328264476
CCC(C)O,0.4610446995383029
Oc1ccc(O)cc1,0.06927734321813625
CC34CCC1C(CCc2cc(O)ccc12)C3CC(O)C4O,-4.090332932318129
C1c2ccccc2c3cc4ccccc4cc13,-6.739143432610194
O=C1CNC(=O)N1,-0.4188503667712261
c1(O)cc(O)ccc1CCCCCC,-2.7339462310683222
C=CCS(=O)SCC=C,-1.9360510522213077
CCOP(=S)(OCC)Oc2ccc1oc(=O)c(Cl)c(C)c1c2,-5.29285649583918
Cc1c(C)c2c3ccccc3ccc2c4ccccc14,-6.867114251749139
CCCCC(=O)OC3(C(C)CC4C2CCC1=CC(=O)C=CC1(C)C2(F)C(O)CC34C)C(=O)CO,-4.642448379527253
O=c2[nH]c(=O)c1[nH]c(=O)[nH]c1[nH]2,-2.602060250078633
Oc1c(Cl)cc(Cl)c(Cl)c1Cl,-3.5596841763406486
Clc1cccc(Cl)c1,-3.205659120011029
Clc1ccc(cc1)C(c2ccc(Cl)cc2)C(Cl)(Cl)Cl,-7.330256084607447
CC(C)COC=O,-0.9483962280223126
c1ccccc1SC,-2.364537101766948
CCN2c1nc(C)cc(C(F)(F)F)c1NC(=O)c3cccnc23,-4.294004090292755
CCCCCC,-3.8976333665697154
COC(=O)c1cccnc1,-0.9260772775028151
NS(=O)(=O)c3cc2c(NC(Cc1ccccc1)NS2(=O)=O)cc3C(F)(F)F,-3.7258690882518635
Clc1ccc(cc1Cl)c2cc(Cl)c(Cl)c(Cl)c2Cl,-7.696968680154718
CC1(OC(=O)N(C1=O)c2cc(Cl)cc(Cl)c2)C=C,-4.57015807073368
CCNc1nc(Cl)nc(NC(C)(C)C#N)n1,-3.5839386877311767
c1ccc2c(c1)c3ccccc3c4ccccc24,-6.65778655565676
CC=C(C(=CC)c1ccc(O)cc1)c2ccc(O)cc2,-4.413673365893194
CCCCC(CC)COC(=O)c1ccccc1C(=O)OCC(CC)CCCC,-5.810363192298224
CCc1ccccn1,-0.6769364373852842
COP(=O)(OC)OC(Br)C(Cl)(Cl)Br,-1.2348083921583324
c1ccc(cc1)c2ccccc2,-4.034064888479671
Clc1cc(Cl)c(c(Cl)c1)c2c(Cl)cc(Cl)cc2Cl,-8.133978351388448
CN(C)c1nc(nc(n1)N(C)C)N(C)C,-2.290973574390406
CC(C)CC(C)(C)O,-1.022843748075919
O=C2NC(=O)C1(CCCCCC1)C(=O)N2,-2.1931585826142728
OCC1OC(O)(CO)C(O)C1O,0.2850655605721209
Cc1cc(C)cc(O)c1,-1.297177887111016
ClCC#CCOC(=O)Nc1cccc(Cl)c1,-4.1122339689272245
CC(=O)Nc1ccc(Cl)cc1,-2.6478055596402696
Clc1ccc(Cl)c(c1)c2c(Cl)c(Cl)c(Cl)c(Cl)c2Cl,-8.384295718846412
CCC(C)(C)C,-3.2966247724166187
CNc1ccccc1,-1.1803878199651776
C=CCC=C,-2.2094841483866703
CC(=O)OCC(=O)C1(O)CCC2C3CCC4=CC(=O)CCC4(C)C3C(O)CC21C,-3.5886106994018783
Cc1cc(cc(N(=O)=O)c1O)N(=O)=O,-2.5760410482373026
OC3N=C(c1ccccc1Cl)c2cc(Cl)ccc2NC3=O,-4.121366525007964
Oc1cccc(Cl)c1,-0.9932618210561721
Clc1cccc(Br)c1,-3.443155619710771
NS(=O)(=O)c2cc1c(N=CNS1(=O)=O)cc2Cl,-2.760752860823424
O=C1NC(=O)NC(=O)C1(C)CC,-1.2895931297356549
OCCOc1ccccc1,-1.1459753754752835
C(c1ccccc1)c2ccccc2,-3.8868913203605557
CCCCCC(O)CC,-1.8291299420703104
CCN(Cc1c(F)cccc1Cl)c2c(cc(cc2N(=O)=O)C(F)(F)F)N(=O)=O,-5.840572737321463
CC(C)Nc1nc(Cl)nc(NC(C)C)n1,-3.634625761617852
CCCC(C)CO,-1.109017398342574
CCCCC(C)(C)O,-0.9628461243259473
CCc1ccccc1,-2.292908185753551
O=C1NC(=O)NC(=O)C1(CC)CC=C(C)C,-2.181107275479121
ClC1C=CC2C1C3(Cl)C(=C(Cl)C2(Cl)C3(Cl)Cl)Cl,-6.495655838782741
CCC(C)C1(CC(Br)=C)C(=O)NC(=O)NC1=O,-2.851863970569778
CC1(C)C(C(=O)OC(C#N)c2cccc(Oc3ccccc3)c2)C1(C)C,-6.406767103374721
COC(C)(C)CCCC(C)CC=CC(C)=CC(=O)OC(C)C,-4.199684551332299
CCOC(=O)CC,-0.40053256679326676
CSc1nc(NC(C)C)nc(NC(C)C)n1,-3.766148683094218
CC(C#C)N(C)C(=O)Nc1ccc(Cl)cc1,-3.8001959654420943
Cc1cc2ccccc2cc1C,-4.67886455672232
Clc1ccc(cc1)c2cc(Cl)ccc2Cl,-6.279326961764267
Clc1ccc(c(Cl)c1)c2cc(Cl)c(Cl)c(Cl)c2Cl,-7.838460488304594
NC(N)=NC#N,-0.1533665552002253
ClC(Cl)(Cl)N(=O)=O,-1.5981943171492927
Clc1cccc(Cl)c1c2ccccc2,-5.707062565343698
COc1ccc(C=O)cc1,-1.7116816207952656
CC(=O)Nc1ccc(cc1)N(=O)=O,-2.4615009979908775
CCCCCCC(=O)OCC,-2.9002586042157468
CC(=O)Nc1ccc(O)cc1,-1.2498451599151905
c2ccc1[nH]ncc1c2,-1.3195318396275666
CC5(C)OC4CC3C2CCC1=CC(=O)C=CC1(C)C2(F)C(O)CC3(C)C4(O5)C(=O)CO,-4.041907545106492
Nc2nc1[nH]cnc1c(=O)[nH]2,-2.09881583858476
COC(=O)C,0.6180043871667829
CC34CCC1C(CCC2CC(=O)CCC12C)C3CCC4O,-4.387598746918591
CCCC(O)C=C,-0.7722435392371225
OC(C1=CC2C5C(C1C2=C(c3ccccc3)c4ccccn4)C(=O)NC5=O)(c6ccccc6)c7ccccn7,-5.481785084700284
CCCCOCCCC,-2.3503633259076238
CCCCCCCCCCCCO,-4.906510669882472
CCN2c1nc(N(C)(CCO))ccc1NC(=O)c3cccnc23,-3.1294296160854382
CCCC(C)(C)O,-0.4332896895734117
Nc1nc(=O)[nH]cc1F,-1.351871126041142
CCCCOc1ccc(C(=O)OCC)c(c1)N(CC)CC,-5.024384661269788
CCCCCC(C)(C)O,-1.5832810171557483
Cc1c(C)c(C)c(C)c(C)c1C,-4.330192845077959
CC(C)c1ccc(C)cc1O,-2.314824166596183
c2cnc1ncncc1n2,-0.5654293667295024
CCOP(=S)(OCC)Oc1ccc(cc1)N(=O)=O,-4.512714251715226
c2ccc1NCCc1c2,-2.441967191061024
O=N(=O)c1cccc2ccccc12,-3.961929586616887
CCC(C)C(=O)C,-0.7127461060989339
Nc1nc(O)nc2nc[nH]c12,-2.112359459614902
OC(CC(c1ccccc1)c3c(O)c2ccccc2oc3=O)c4ccc(cc4)c5ccc(Br)cc5,-5.083469391133259
CN(=O)=O,0.12684844486287403
CC(C)N(C(C)C)C(=O)SCC(Cl)=C(Cl)Cl,-3.99026253020037
C=CCCC=C,-2.7081414913849438
c2ccc1[nH]ccc1c2,-2.6828862978884613
CC34CCC1C(CCC2=CC(=O)CCC12C)C3CCC4=O,-4.112137317660123
CCCCC=C,-3.231891804743571
Cc1cccc(C)c1NC(=O)c2cc(c(Cl)cc2O)S(N)(=O)=O,-3.3827731712779525
CCC1CCCCC1,-4.1192639038956536
CCCCCCCC(=O)C,-2.942618888863519
COC(=O)Nc2nc1ccc(cc1[nH]2)C(=O)c3ccccc3,-4.0210927850538365
CC(C)OC(=O)Nc1cccc(Cl)c1,-3.706725871391562
CCN2c1nc(Cl)ccc1N(C)C(=O)c3cccnc23,-3.547116655064849
CNC(=O)Oc1cccc2ccccc12,-3.7792447561984233
C#C,0.3220096498933417
Cc1cncc(C)c1,-0.4584976654124075
C1C=CCC=C1,-2.1208418079292835
CCOC(=O)N(C)C(=O)CSP(=S)(OCC)OCC,-2.7223182841490705
CC(O)c1ccccc1,-0.9587845820777161
CC(Cl)CCl,-1.3795419669903555
CCCC=C(CC)C=O,-2.236324324186863
CCOP(=S)(OCC)SCCSCC,-4.133188324688025
CC(=O)OC3(C)CCC4C2CCC1=CC(=O)CCC1(C)C2CCC34C,-4.644111650358576
Clc1ccc(cc1)c2c(Cl)cccc2Cl,-6.294426663890486
Fc1cccc(F)c1C(=O)NC(=O)Nc2ccc(Cl)cc2,-4.567379037285479
Oc1cc(Cl)ccc1Oc2ccc(Cl)cc2Cl,-4.653458855217073
c1(C(=O)OCCCCCC(C)(C))c(C(=O)OCCCCCC(C)(C))cccc1,-5.715626209884588
CC12CC(O)C3C(CCC4=CC(=O)CCC34C)C2CCC1C(=O)CO,-3.8402561948589478
Cc1cc(C)cc(C)c1,-3.108012800644672
CCCCCCCCOC(=O)c1ccccc1C(=O)OCCCCCCCC,-5.902266879348112
CCCCCCCCCCCCCCCO,-5.776193663163683
Clc1cccc(Cl)c1c2c(Cl)cccc2Cl,-7.101937665334978
O=C1NC(=O)NC(=O)C1(C)C,-0.918379184699391
CC(C)I,-2.184890489671018
O=N(=O)c1ccccc1N(=O)=O,-2.836654638539895
CC(C)C(=O)C,-0.06047429868465137
CCCCCCCCCCCCCCCC,-7.322502285630674
CC12CCC(CC1)C(C)(C)O2,-2.8028708803860356
Cc2cccc3sc1nncn1c23,-2.8819139391278203
CCCCCCC(=O)C,-2.29730896912769
CCCCCCCCC(=O)OC,-3.3593335904492774
Fc1ccc(F)cc1,-2.5162415131055536
O=C1N(C2CCC(=O)NC2=O)C(=O)c3ccccc13,-2.9648113740081303
CCCN(CCC)c1c(cc(cc1N(=O)=O)C(F)(F)F)N(=O)=O,-5.645104733821242
CCO,1.2496728302223772
O=C2NC(=O)C1(CCCC1)C(=O)N2,-2.133111453099038
c1c(NC(=O)OC(C)C(=O)NCC)cccc1,-2.536741780362967
CC(C)=CC3C(C(=O)OCc2cccc(Oc1ccccc1)c2)C3(C)C,-6.129725537423338
CN(C)C(=O)NC1CCCCCCC1,-2.0977962698995993
ClC1(C2(Cl)C3(Cl)C4(Cl)C5(Cl)C1(Cl)C3(Cl)Cl)C5(Cl)C(Cl)(Cl)C24Cl,-5.962520674881837
CCCCCCCCBr,-5.431227278957965
CCCCNC(=O)n1c(NC(=O)OC)nc2ccccc12,-3.892149118305172
CN(C)c2c(C)n(C)n(c1ccccc1)c2=O,-2.5972023889316334
CCC(O)CC,-0.017510520641928463
Cc1ccc(cc1)N(=O)=O,-2.394761765391935
CC(C)CCCO,-1.2083619840023716
CC34CCC1C(CCC2=CC(=O)CCC12O)C3CCC4(O)C#C,-4.228169462857759
CC(C)OC(=O)C(O)(c1ccc(Br)cc1)c2ccc(Br)cc2,-5.476208824339309
Nc2cnn(c1ccccc1)c(=O)c2Cl,-2.1252151940710475
CCC(C)(C)O,0.20821966175247225
Cc1ccc(O)cc1,-0.7040559841444398
CCOC=O,0.10487588395756395
CN(C)c1ccccc1,-1.6752020305990805
C1CCC2CCCCC2C1,-4.89311658913531
CCCCS,-1.644115543494556
c1ccc2c(c1)c3cccc4ccc5cccc2c5c43,-8.011873105756747
ClC(=C(Cl)Cl)Cl,-2.710268325567881
CCC(=O)CC,0.1172338156323268
C=CC#N,0.010971921578026223
CC1CC2C3CC(F)C4=CC(=O)C=CC4(C)C3(F)C(O)CC2(C)C1(O)C(=O)CO,-4.210807073078124
CCCCC(=O)C,-0.8766351348013461
CCNc1nc(NC(C)(C)C)nc(OC)n1,-3.2762974392697055
CCCCC(C)CC,-4.876232630925072
BrCCBr,-1.3245581287652095
CNC(=O)Oc1ccccc1C(C)C,-3.1291609189820973
O=C1NCCN1c2ncc(s2)N(=O)=O,-2.9142963369736004
C1c2ccccc2c3ccc4ccccc4c13,-6.622405924916928
COc1ccccc1Cl,-2.1179987705252703
COP(=S)(OC)Oc1cc(Cl)c(Br)cc1Cl,-5.803522202401495
ClC(Cl)CC(=O)NC2=C(Cl)C(=O)c1ccccc1C2=O,-4.121291180556836
ClC(Cl)C(c1ccc(Cl)cc1)c2ccc(Cl)cc2,-6.762691694223752
COC(=O)C=C,-0.24389801812883033
CN(C)C(=O)Nc2ccc(Oc1ccc(Cl)cc1)cc2,-4.1836939066401815
N(=Nc1ccccc1)c2ccccc2,-2.8045864830675655
CC(C)c1ccc(C)cc1,-3.6336998327895493
Oc1c(Cl)cccc1Cl,-1.5169932121268737
OCC2OC(OC1(CO)OC(CO)C(O)C1O)C(O)C(O)C2O,-0.21017311574376601
OC1C(O)C(O)C(O)C(O)C1O,0.19872873864622348
Cn2c(=O)n(C)c1ncn(CC(O)CO)c1c2=O,-1.3071846497590476
OCC(NC(=O)C(Cl)Cl)C(O)c1ccc(cc1)N(=O)=O,-2.0914657520561253
CCC(O)(CC)CC,-0.6692821176493824
CC45CCC2C(CCC3CC1SC1CC23C)C4CCC5O,-5.807429990885187
Brc1ccccc1Br,-3.5671712088247163
Oc1c(Cl)cc(Cl)cc1Cl,-2.6748470149457138
CCCN(CCC)c1c(cc(cc1N(=O)=O)S(N)(=O)=O)N(=O)=O,-4.203910100757222
C2c1ccccc1N(CCF)C(=O)c3ccccc23,-4.407017721636583
CC(C)C(=O)C(C)C,-0.7536638433002583
O=C1NC(=O)NC(=O)C1(C(C)C)CC=C(C)C,-2.4686110570852056
c1c(O)C2C(=O)C3cc(O)ccC3OC2cc1(OC),-2.6754116926982516
Cn1cnc2n(C)c(=O)n(C)c(=O)c12,-1.5587396898482853
CC(=O)SC4CC1=CC(=O)CCC1(C)C5CCC2(C)C(CCC23CCC(=O)O3)C45,-4.426430852563199
Cc1ccc(O)cc1C,-1.2313825202639563
O(c1ccccc1)c2ccccc2,-3.9195888671703236
Clc1cc(Cl)c(cc1Cl)c2cc(Cl)c(Cl)cc2Cl,-7.827372155740752
NC(=O)c1cccnc1,-0.4378224960931341
Sc1ccccc1,-1.2539686162824186
CNC(=O)Oc1cc(C)cc(C)c1,-3.0567870418209524
ClC1CC2C(C1Cl)C3(Cl)C(=C(Cl)C2(Cl)C3(Cl)Cl)Cl,-6.268893316933558
CSSC,-0.7786200186866366
NC(=O)c1ccccc1,-1.1791585946822585
Clc1ccccc1Br,-3.260912091116352
COC(=O)c1ccccc1OC2OC(COC3OCC(O)C(O)C3O)C(O)C(O)C2O,-1.3143049050007998
CCCCC(O)CC,-1.1634942505923729
CCN2c1nc(C)cc(C)c1NC(=O)c3cccnc23,-3.417383162612566
Oc1cc(Cl)cc(Cl)c1,-2.0581809049864495
Cc1cccc2c1ccc3ccccc32,-5.698230814151232
CCCCC(CC)CO,-2.4210311887669653
CC(C)N(C(C)C)C(=O)SCC(=CCl)Cl,-3.6586043421299594
Cc1ccccc1,-1.552577777151961
Clc1cccc(n1)C(Cl)(Cl)Cl,-3.6414004356372773
C1CCC=CCC1,-2.515305826507375
CN(C)C(=S)SSC(=S)N(C)C,-3.3189789702456123
COC1=CC(=O)CC(C)C13Oc2c(Cl)c(OC)cc(OC)c2C3=O,-4.074012312915365
CCCCCCCCCCO,-4.061598337259246
CCC(C)(C)CC,-3.811903211741059
CNC(=O)C(C)SCCSP(=O)(OC)(OC),-0.451775896701054
Oc1cc(Cl)c(Cl)c(Cl)c1Cl,-3.7592220790077433
CCCC=O,-0.13216635677676009
CC4CC3C2CCC1=CC(=O)C=CC1(C)C2(F)C(O)CC3(C)C4(O)C(=O)COC(C)=O,-4.114612458414334
CCCC,-2.1009696739752437
COc1ccccc1O,-0.8971151241559416
CC1CC2C3CCC(O)(C(=O)C)C3(C)CC(O)C2(F)C4(C)C=CC(=O)C=C14,-4.311058710846761
ClC(Cl)C(Cl)(Cl)Cl,-2.714047011920199
CCOC(=O)c1ccccc1C(=O)OCC,-3.6017051488959297
CC(C)CO,0.04945227686727351
CC(C)Cc1ccccc1,-3.830924514138394
ICI,-2.252042850189767
CCCC(O)CCC,-1.215086188413204
CCCCCOC(=O)C,-1.7963648374911787
Oc1c(Cl)c(Cl)cc(Cl)c1Cl,-3.4923407235694013
CCCc1ccccc1,-3.2939174800563906
FC(F)(Cl)C(F)(F)Cl,-2.7206757119547795
CC=CC=O,-0.15786575681428355
CN(C)C(=O)N(C)C,0.7083240478409076
Cc1cc(C)c(C)cc1C,-3.580643543947508
CC(=O)OC3(CCC4C2CCC1=CC(=O)CCC1C2CCC34C)C#C,-5.185452337846412
CCOP(=S)(OCC)N2C(=O)c1ccccc1C2=O,-4.617813916667801
c1ccccc1NC(=O)c2c(O)cccc2,-2.6703415663708476
CCN(CC)C(=S)SCC(Cl)=C,-3.9794747835610247
ClCC,-0.8964465892811834
CC(=O)Nc1cc(NS(=O)(=O)C(F)(F)F)c(C)cc1C,-3.1957003926093686
O=C(C=CC=Cc2ccc1OCOc1c2)N3CCCCC3,-3.4576949878705547
CC/C=C\C,-2.32246685272414
CNC(=O)ON=C(CSC)C(C)(C)C,-1.9576434405308198
O=C2NC(=O)C1(CCCCCCC1)C(=O)N2,-2.2137615528764307
c1(C(C)(C)C)cc(C(C)(C)C)cc(OC(=O)NC)c1,-4.7949218242854545
Oc2cc(O)c1C(=O)CC(Oc1c2)c3ccc(O)c(O)c3,-2.3369322906421983
O=C(c1ccccc1)c2ccccc2,-3.488974283899155
CCCCCCCCCCCCCCCCCCCC,-7.696397836893
N(Nc1ccccc1)c2ccccc2,-2.7097785747012733
CCC(CC)CO,-0.9598387267441886
Oc1ccncc1,0.4584979839793655
Cl\C=C/Cl,-1.4886343730620653
CC1CCCC1,-3.666903008638215
CC(C)CC(C)O,-0.821012218226295
O2c1ccc(N)cc1N(C)C(=O)c3cc(C)ccc23,-3.7543646338151957
CC(C)(C)CO,-0.44605580125154126
CC(C)(C)C(=O)C(Oc1ccc(Cl)cc1)n2cncn2,-3.280605563794883
Cc1cc(no1)C(=O)NNCc2ccccc2,-2.05368073671535
CC=C,-1.1994294297441759
Oc1ccc(Cl)cc1Cc2cc(Cl)ccc2O,-3.2545429510981565
CCOC(=O)Nc2cccc(OC(=O)Nc1ccccc1)c2,-4.0712430613574435
O=C1c2ccccc2C(=O)c3ccccc13,-4.503753495426541
CCCCCCC(C)O,-2.105464931519871
CC1=C(C(=O)Nc2ccccc2)S(=O)(=O)CCO1,-2.2462642972059355
CCCCc1ccccc1,-3.9210896895929865
O=C1NC(=O)C(=O)N1,-1.1400033084193848
COP(=S)(OC)Oc1ccc(Sc2ccc(OP(=S)(OC)OC)cc2)cc1,-5.7930646609902405
NS(=O)(=O)c1cc(ccc1Cl)C2(O)NC(=O)c3ccccc23,-3.8010257133228755
CC(C)COC(=O)C,-1.0628447028417027
CC(C)C(C)(C)C,-3.91115342543469
Clc1ccc(c(Cl)c1Cl)c2c(Cl)cc(Cl)c(Cl)c2Cl,-8.240096911935371
N#Cc1ccccc1C#N,-2.561424310162434
Cc1cccc(c1)N(=O)=O,-2.393193603912806
FC(F)(F)C(Cl)Br,-2.0802244466094733
CNC(=O)ON=C(SC)C(=O)N(C)C,-0.9269944902771041
CCSCCSP(=S)(OC)OC,-3.1841403427725328
CCC(C)C,-2.873745222116952
COP(=O)(OC)OC(=CCl)c1cc(Cl)c(Cl)cc1Cl,-4.762822274827074
